{
  "mAP": 5.495018176846679,
  "R@1": 0.5797101449275363,
  "R@5": 8.115942028985506
}